data_in,valid_in,data_out,valid_out
[[0] [0]], 1, [[0] [0]], 0
[[1] [0]], 1, [[0] [0]], 0
[[2] [0]], 1, [[0] [0]], 0
[[3] [0]], 1, [[0] [0]], 0
[[4] [0]], 1, [[0] [0]], 0
[[5] [0]], 1, [[0] [0]], 0
[[6] [0]], 1, [[0] [0]], 0
[[7] [0]], 1, [[0] [0]], 0
[[8] [0]], 1, [[0] [0]], 0
[[9] [0]], 1, [[0] [0]], 0
[[10] [0]], 1, [[0] [0]], 0
[[11] [0]], 1, [[0] [0]], 0
[[12] [0]], 1, [[0] [0]], 0
[[13] [0]], 1, [[0] [0]], 0
[[14] [0]], 1, [[0] [0]], 0
[[15] [0]], 1, [[0] [0]], 0
[[16] [0]], 1, [[0] [0]], 0
[[17] [0]], 1, [[0] [0]], 0
[[18] [0]], 1, [[0] [0]], 0
[[19] [0]], 1, [[0] [0]], 0
[[20] [0]], 1, [[0] [0]], 0
[[21] [0]], 1, [[0] [0]], 0
[[22] [0]], 1, [[0] [0]], 0
[[23] [0]], 1, [[0] [0]], 0
[[24] [0]], 1, [[0] [0]], 0
[[25] [0]], 1, [[0] [0]], 0
[[26] [0]], 1, [[0] [0]], 0
[[27] [0]], 1, [[0] [0]], 0
[[28] [0]], 1, [[0] [0]], 0
[[29] [0]], 1, [[0] [0]], 0
[[30] [0]], 1, [[0] [0]], 0
[[31] [0]], 1, [[0] [0]], 0
[[32] [0]], 1, [[0] [0]], 0
[[33] [0]], 1, [[0] [0]], 0
[[34] [0]], 1, [[0] [0]], 0
[[35] [0]], 1, [[0] [0]], 0
[[36] [0]], 1, [[0] [0]], 0
[[37] [0]], 1, [[0] [0]], 0
[[38] [0]], 1, [[0] [0]], 0
[[39] [0]], 1, [[0] [0]], 0
[[40] [0]], 1, [[0] [0]], 0
[[41] [0]], 1, [[0] [0]], 0
[[42] [0]], 1, [[0] [0]], 0
[[43] [0]], 1, [[0] [0]], 0
[[44] [0]], 1, [[0] [0]], 0
[[45] [0]], 1, [[0] [0]], 0
[[46] [0]], 1, [[0] [0]], 0
[[47] [0]], 1, [[0] [0]], 0
[[48] [0]], 1, [[0] [0]], 0
[[49] [0]], 1, [[0] [0]], 0
[[50] [0]], 1, [[0] [0]], 0
[[51] [0]], 1, [[0] [0]], 0
[[52] [0]], 1, [[0] [0]], 0
[[53] [0]], 1, [[0] [0]], 0
[[54] [0]], 1, [[0] [0]], 0
[[55] [0]], 1, [[0] [0]], 0
[[56] [0]], 1, [[0] [28]], 3
[[57] [0]], 1, [[1] [29]], 3
[[58] [0]], 1, [[2] [30]], 3
[[59] [0]], 1, [[3] [31]], 3
[[60] [0]], 1, [[4] [32]], 3
[[61] [0]], 1, [[5] [33]], 3
[[62] [0]], 1, [[6] [34]], 3
[[63] [0]], 1, [[7] [35]], 3
[[64] [0]], 1, [[8] [36]], 3
[[65] [0]], 1, [[9] [37]], 3
[[66] [0]], 1, [[10] [38]], 3
[[67] [0]], 1, [[11] [39]], 3
[[68] [0]], 1, [[12] [40]], 3
[[69] [0]], 1, [[13] [41]], 3
[[70] [0]], 1, [[14] [42]], 3
[[71] [0]], 1, [[15] [43]], 3
[[72] [0]], 1, [[16] [44]], 3
[[73] [0]], 1, [[17] [45]], 3
[[74] [0]], 1, [[18] [46]], 3
[[75] [0]], 1, [[19] [47]], 3
[[76] [0]], 1, [[20] [48]], 3
[[77] [0]], 1, [[21] [49]], 3
[[78] [0]], 1, [[22] [50]], 3
[[79] [0]], 1, [[23] [51]], 3
[[80] [0]], 1, [[24] [52]], 3
[[81] [0]], 1, [[25] [53]], 3
[[82] [0]], 1, [[26] [54]], 3
[[83] [0]], 1, [[27] [55]], 3
[[84] [0]], 1, [[28] [56]], 3
[[85] [0]], 1, [[29] [57]], 3
[[86] [0]], 1, [[30] [58]], 3
[[87] [0]], 1, [[31] [59]], 3
[[88] [0]], 1, [[32] [60]], 3
[[89] [0]], 1, [[33] [61]], 3
[[90] [0]], 1, [[34] [62]], 3
[[91] [0]], 1, [[35] [63]], 3
[[92] [0]], 1, [[36] [64]], 3
[[93] [0]], 1, [[37] [65]], 3
[[94] [0]], 1, [[38] [66]], 3
[[95] [0]], 1, [[39] [67]], 3
[[96] [0]], 1, [[40] [68]], 3
[[97] [0]], 1, [[41] [69]], 3
[[98] [0]], 1, [[42] [70]], 3
[[99] [0]], 1, [[43] [71]], 3
[[100] [0]], 1, [[44] [72]], 3
[[101] [0]], 1, [[45] [73]], 3
[[102] [0]], 1, [[46] [74]], 3
[[103] [0]], 1, [[47] [75]], 3
[[104] [0]], 1, [[48] [76]], 3
[[105] [0]], 1, [[49] [77]], 3
[[106] [0]], 1, [[50] [78]], 3
[[107] [0]], 1, [[51] [79]], 3
[[108] [0]], 1, [[52] [80]], 3
[[109] [0]], 1, [[53] [81]], 3
[[110] [0]], 1, [[54] [82]], 3
[[111] [0]], 1, [[55] [83]], 3
[[112] [0]], 1, [[56] [84]], 3
[[113] [0]], 1, [[57] [85]], 3
[[114] [0]], 1, [[58] [86]], 3
[[115] [0]], 1, [[59] [87]], 3
[[116] [0]], 1, [[60] [88]], 3
[[117] [0]], 1, [[61] [89]], 3
[[118] [0]], 1, [[62] [90]], 3
[[119] [0]], 1, [[63] [91]], 3
[[120] [0]], 1, [[64] [92]], 3
[[121] [0]], 1, [[65] [93]], 3
[[122] [0]], 1, [[66] [94]], 3
[[123] [0]], 1, [[67] [95]], 3
[[124] [0]], 1, [[68] [96]], 3
[[125] [0]], 1, [[69] [97]], 3
[[126] [0]], 1, [[70] [98]], 3
[[127] [0]], 1, [[71] [99]], 3
[[128] [0]], 1, [[72] [100]], 3
[[129] [0]], 1, [[73] [101]], 3
[[130] [0]], 1, [[74] [102]], 3
[[131] [0]], 1, [[75] [103]], 3
[[132] [0]], 1, [[76] [104]], 3
[[133] [0]], 1, [[77] [105]], 3
[[134] [0]], 1, [[78] [106]], 3
[[135] [0]], 1, [[79] [107]], 3
[[136] [0]], 1, [[80] [108]], 3
[[137] [0]], 1, [[81] [109]], 3
[[138] [0]], 1, [[82] [110]], 3
[[139] [0]], 1, [[83] [111]], 3
[[140] [0]], 1, [[84] [112]], 3
[[141] [0]], 1, [[85] [113]], 3
[[142] [0]], 1, [[86] [114]], 3
[[143] [0]], 1, [[87] [115]], 3
[[144] [0]], 1, [[88] [116]], 3
[[145] [0]], 1, [[89] [117]], 3
[[146] [0]], 1, [[90] [118]], 3
[[147] [0]], 1, [[91] [119]], 3
[[148] [0]], 1, [[92] [120]], 3
[[149] [0]], 1, [[93] [121]], 3
[[150] [0]], 1, [[94] [122]], 3
[[151] [0]], 1, [[95] [123]], 3
[[152] [0]], 1, [[96] [124]], 3
[[153] [0]], 1, [[97] [125]], 3
[[154] [0]], 1, [[98] [126]], 3
[[155] [0]], 1, [[99] [127]], 3
[[156] [0]], 1, [[100] [128]], 3
[[157] [0]], 1, [[101] [129]], 3
[[158] [0]], 1, [[102] [130]], 3
[[159] [0]], 1, [[103] [131]], 3
[[160] [0]], 1, [[104] [132]], 3
[[161] [0]], 1, [[105] [133]], 3
[[162] [0]], 1, [[106] [134]], 3
[[163] [0]], 1, [[107] [135]], 3
[[164] [0]], 1, [[108] [136]], 3
[[165] [0]], 1, [[109] [137]], 3
[[166] [0]], 1, [[110] [138]], 3
[[167] [0]], 1, [[111] [139]], 3
[[168] [0]], 1, [[112] [140]], 3
[[169] [0]], 1, [[113] [141]], 3
[[170] [0]], 1, [[114] [142]], 3
[[171] [0]], 1, [[115] [143]], 3
[[172] [0]], 1, [[116] [144]], 3
[[173] [0]], 1, [[117] [145]], 3
[[174] [0]], 1, [[118] [146]], 3
[[175] [0]], 1, [[119] [147]], 3
[[176] [0]], 1, [[120] [148]], 3
[[177] [0]], 1, [[121] [149]], 3
[[178] [0]], 1, [[122] [150]], 3
[[179] [0]], 1, [[123] [151]], 3
[[180] [0]], 1, [[124] [152]], 3
[[181] [0]], 1, [[125] [153]], 3
[[182] [0]], 1, [[126] [154]], 3
[[183] [0]], 1, [[127] [155]], 3
[[184] [0]], 1, [[128] [156]], 3
[[185] [0]], 1, [[129] [157]], 3
[[186] [0]], 1, [[130] [158]], 3
[[187] [0]], 1, [[131] [159]], 3
[[188] [0]], 1, [[132] [160]], 3
[[189] [0]], 1, [[133] [161]], 3
[[190] [0]], 1, [[134] [162]], 3
[[191] [0]], 1, [[135] [163]], 3
[[192] [0]], 1, [[136] [164]], 3
[[193] [0]], 1, [[137] [165]], 3
[[194] [0]], 1, [[138] [166]], 3
[[195] [0]], 1, [[139] [167]], 3
[[196] [0]], 1, [[140] [168]], 3
[[197] [0]], 1, [[141] [169]], 3
[[198] [0]], 1, [[142] [170]], 3
[[199] [0]], 1, [[143] [171]], 3
[[200] [0]], 1, [[144] [172]], 3
[[201] [0]], 1, [[145] [173]], 3
[[202] [0]], 1, [[146] [174]], 3
[[203] [0]], 1, [[147] [175]], 3
[[204] [0]], 1, [[148] [176]], 3
[[205] [0]], 1, [[149] [177]], 3
[[206] [0]], 1, [[150] [178]], 3
[[207] [0]], 1, [[151] [179]], 3
[[208] [0]], 1, [[152] [180]], 3
[[209] [0]], 1, [[153] [181]], 3
[[210] [0]], 1, [[154] [182]], 3
[[211] [0]], 1, [[155] [183]], 3
[[212] [0]], 1, [[156] [184]], 3
[[213] [0]], 1, [[157] [185]], 3
[[214] [0]], 1, [[158] [186]], 3
[[215] [0]], 1, [[159] [187]], 3
[[216] [0]], 1, [[160] [188]], 3
[[217] [0]], 1, [[161] [189]], 3
[[218] [0]], 1, [[162] [190]], 3
[[219] [0]], 1, [[163] [191]], 3
[[220] [0]], 1, [[164] [192]], 3
[[221] [0]], 1, [[165] [193]], 3
[[222] [0]], 1, [[166] [194]], 3
[[223] [0]], 1, [[167] [195]], 3
[[224] [0]], 1, [[168] [196]], 3
[[225] [0]], 1, [[169] [197]], 3
[[226] [0]], 1, [[170] [198]], 3
[[227] [0]], 1, [[171] [199]], 3
[[228] [0]], 1, [[172] [200]], 3
[[229] [0]], 1, [[173] [201]], 3
[[230] [0]], 1, [[174] [202]], 3
[[231] [0]], 1, [[175] [203]], 3
[[232] [0]], 1, [[176] [204]], 3
[[233] [0]], 1, [[177] [205]], 3
[[234] [0]], 1, [[178] [206]], 3
[[235] [0]], 1, [[179] [207]], 3
[[236] [0]], 1, [[180] [208]], 3
[[237] [0]], 1, [[181] [209]], 3
[[238] [0]], 1, [[182] [210]], 3
[[239] [0]], 1, [[183] [211]], 3
[[240] [0]], 1, [[184] [212]], 3
[[241] [0]], 1, [[185] [213]], 3
[[242] [0]], 1, [[186] [214]], 3
[[243] [0]], 1, [[187] [215]], 3
[[244] [0]], 1, [[188] [216]], 3
[[245] [0]], 1, [[189] [217]], 3
[[246] [0]], 1, [[190] [218]], 3
[[247] [0]], 1, [[191] [219]], 3
[[248] [0]], 1, [[192] [220]], 3
[[249] [0]], 1, [[193] [221]], 3
[[250] [0]], 1, [[194] [222]], 3
[[251] [0]], 1, [[195] [223]], 3
[[252] [0]], 1, [[196] [224]], 3
[[253] [0]], 1, [[197] [225]], 3
[[254] [0]], 1, [[198] [226]], 3
[[255] [0]], 1, [[199] [227]], 3
[[256] [0]], 1, [[200] [228]], 3
[[257] [0]], 1, [[201] [229]], 3
[[258] [0]], 1, [[202] [230]], 3
[[259] [0]], 1, [[203] [231]], 3
[[260] [0]], 1, [[204] [232]], 3
[[261] [0]], 1, [[205] [233]], 3
[[262] [0]], 1, [[206] [234]], 3
[[263] [0]], 1, [[207] [235]], 3
[[264] [0]], 1, [[208] [236]], 3
[[265] [0]], 1, [[209] [237]], 3
[[266] [0]], 1, [[210] [238]], 3
[[267] [0]], 1, [[211] [239]], 3
[[268] [0]], 1, [[212] [240]], 3
[[269] [0]], 1, [[213] [241]], 3
[[270] [0]], 1, [[214] [242]], 3
[[271] [0]], 1, [[215] [243]], 3
[[272] [0]], 1, [[216] [244]], 3
[[273] [0]], 1, [[217] [245]], 3
[[274] [0]], 1, [[218] [246]], 3
[[275] [0]], 1, [[219] [247]], 3
[[276] [0]], 1, [[220] [248]], 3
[[277] [0]], 1, [[221] [249]], 3
[[278] [0]], 1, [[222] [250]], 3
[[279] [0]], 1, [[223] [251]], 3
[[280] [0]], 1, [[224] [252]], 3
[[281] [0]], 1, [[225] [253]], 3
[[282] [0]], 1, [[226] [254]], 3
[[283] [0]], 1, [[227] [255]], 3
[[284] [0]], 1, [[228] [256]], 3
[[285] [0]], 1, [[229] [257]], 3
[[286] [0]], 1, [[230] [258]], 3
[[287] [0]], 1, [[231] [259]], 3
[[288] [0]], 1, [[232] [260]], 3
[[289] [0]], 1, [[233] [261]], 3
[[290] [0]], 1, [[234] [262]], 3
[[291] [0]], 1, [[235] [263]], 3
[[292] [0]], 1, [[236] [264]], 3
[[293] [0]], 1, [[237] [265]], 3
[[294] [0]], 1, [[238] [266]], 3
[[295] [0]], 1, [[239] [267]], 3
[[296] [0]], 1, [[240] [268]], 3
[[297] [0]], 1, [[241] [269]], 3
[[298] [0]], 1, [[242] [270]], 3
[[299] [0]], 1, [[243] [271]], 3
[[300] [0]], 1, [[244] [272]], 3
[[301] [0]], 1, [[245] [273]], 3
[[302] [0]], 1, [[246] [274]], 3
[[303] [0]], 1, [[247] [275]], 3
[[304] [0]], 1, [[248] [276]], 3
[[305] [0]], 1, [[249] [277]], 3
[[306] [0]], 1, [[250] [278]], 3
[[307] [0]], 1, [[251] [279]], 3
[[308] [0]], 1, [[252] [280]], 3
[[309] [0]], 1, [[253] [281]], 3
[[310] [0]], 1, [[254] [282]], 3
[[311] [0]], 1, [[255] [283]], 3
[[312] [0]], 1, [[256] [284]], 3
[[313] [0]], 1, [[257] [285]], 3
[[314] [0]], 1, [[258] [286]], 3
[[315] [0]], 1, [[259] [287]], 3
[[316] [0]], 1, [[260] [288]], 3
[[317] [0]], 1, [[261] [289]], 3
[[318] [0]], 1, [[262] [290]], 3
[[319] [0]], 1, [[263] [291]], 3
[[320] [0]], 1, [[264] [292]], 3
[[321] [0]], 1, [[265] [293]], 3
[[322] [0]], 1, [[266] [294]], 3
[[323] [0]], 1, [[267] [295]], 3
[[324] [0]], 1, [[268] [296]], 3
[[325] [0]], 1, [[269] [297]], 3
[[326] [0]], 1, [[270] [298]], 3
[[327] [0]], 1, [[271] [299]], 3
[[328] [0]], 1, [[272] [300]], 3
[[329] [0]], 1, [[273] [301]], 3
[[330] [0]], 1, [[274] [302]], 3
[[331] [0]], 1, [[275] [303]], 3
[[332] [0]], 1, [[276] [304]], 3
[[333] [0]], 1, [[277] [305]], 3
[[334] [0]], 1, [[278] [306]], 3
[[335] [0]], 1, [[279] [307]], 3
[[336] [0]], 1, [[280] [308]], 3
[[337] [0]], 1, [[281] [309]], 3
[[338] [0]], 1, [[282] [310]], 3
[[339] [0]], 1, [[283] [311]], 3
[[340] [0]], 1, [[284] [312]], 3
[[341] [0]], 1, [[285] [313]], 3
[[342] [0]], 1, [[286] [314]], 3
[[343] [0]], 1, [[287] [315]], 3
[[344] [0]], 1, [[288] [316]], 3
[[345] [0]], 1, [[289] [317]], 3
[[346] [0]], 1, [[290] [318]], 3
[[347] [0]], 1, [[291] [319]], 3
[[348] [0]], 1, [[292] [320]], 3
[[349] [0]], 1, [[293] [321]], 3
[[350] [0]], 1, [[294] [322]], 3
[[351] [0]], 1, [[295] [323]], 3
[[352] [0]], 1, [[296] [324]], 3
[[353] [0]], 1, [[297] [325]], 3
[[354] [0]], 1, [[298] [326]], 3
[[355] [0]], 1, [[299] [327]], 3
[[356] [0]], 1, [[300] [328]], 3
[[357] [0]], 1, [[301] [329]], 3
[[358] [0]], 1, [[302] [330]], 3
[[359] [0]], 1, [[303] [331]], 3
[[360] [0]], 1, [[304] [332]], 3
[[361] [0]], 1, [[305] [333]], 3
[[362] [0]], 1, [[306] [334]], 3
[[363] [0]], 1, [[307] [335]], 3
[[364] [0]], 1, [[308] [336]], 3
[[365] [0]], 1, [[309] [337]], 3
[[366] [0]], 1, [[310] [338]], 3
[[367] [0]], 1, [[311] [339]], 3
[[368] [0]], 1, [[312] [340]], 3
[[369] [0]], 1, [[313] [341]], 3
[[370] [0]], 1, [[314] [342]], 3
[[371] [0]], 1, [[315] [343]], 3
[[372] [0]], 1, [[316] [344]], 3
[[373] [0]], 1, [[317] [345]], 3
[[374] [0]], 1, [[318] [346]], 3
[[375] [0]], 1, [[319] [347]], 3
[[376] [0]], 1, [[320] [348]], 3
[[377] [0]], 1, [[321] [349]], 3
[[378] [0]], 1, [[322] [350]], 3
[[379] [0]], 1, [[323] [351]], 3
[[380] [0]], 1, [[324] [352]], 3
[[381] [0]], 1, [[325] [353]], 3
[[382] [0]], 1, [[326] [354]], 3
[[383] [0]], 1, [[327] [355]], 3
[[384] [0]], 1, [[328] [356]], 3
[[385] [0]], 1, [[329] [357]], 3
[[386] [0]], 1, [[330] [358]], 3
[[387] [0]], 1, [[331] [359]], 3
[[388] [0]], 1, [[332] [360]], 3
[[389] [0]], 1, [[333] [361]], 3
[[390] [0]], 1, [[334] [362]], 3
[[391] [0]], 1, [[335] [363]], 3
[[392] [0]], 1, [[336] [364]], 3
[[393] [0]], 1, [[337] [365]], 3
[[394] [0]], 1, [[338] [366]], 3
[[395] [0]], 1, [[339] [367]], 3
[[396] [0]], 1, [[340] [368]], 3
[[397] [0]], 1, [[341] [369]], 3
[[398] [0]], 1, [[342] [370]], 3
[[399] [0]], 1, [[343] [371]], 3
[[400] [0]], 1, [[344] [372]], 3
[[401] [0]], 1, [[345] [373]], 3
[[402] [0]], 1, [[346] [374]], 3
[[403] [0]], 1, [[347] [375]], 3
[[404] [0]], 1, [[348] [376]], 3
[[405] [0]], 1, [[349] [377]], 3
[[406] [0]], 1, [[350] [378]], 3
[[407] [0]], 1, [[351] [379]], 3
[[408] [0]], 1, [[352] [380]], 3
[[409] [0]], 1, [[353] [381]], 3
[[410] [0]], 1, [[354] [382]], 3
[[411] [0]], 1, [[355] [383]], 3
[[412] [0]], 1, [[356] [384]], 3
[[413] [0]], 1, [[357] [385]], 3
[[414] [0]], 1, [[358] [386]], 3
[[415] [0]], 1, [[359] [387]], 3
[[416] [0]], 1, [[360] [388]], 3
[[417] [0]], 1, [[361] [389]], 3
[[418] [0]], 1, [[362] [390]], 3
[[419] [0]], 1, [[363] [391]], 3
[[420] [0]], 1, [[364] [392]], 3
[[421] [0]], 1, [[365] [393]], 3
[[422] [0]], 1, [[366] [394]], 3
[[423] [0]], 1, [[367] [395]], 3
[[424] [0]], 1, [[368] [396]], 3
[[425] [0]], 1, [[369] [397]], 3
[[426] [0]], 1, [[370] [398]], 3
[[427] [0]], 1, [[371] [399]], 3
[[428] [0]], 1, [[372] [400]], 3
[[429] [0]], 1, [[373] [401]], 3
[[430] [0]], 1, [[374] [402]], 3
[[431] [0]], 1, [[375] [403]], 3
[[432] [0]], 1, [[376] [404]], 3
[[433] [0]], 1, [[377] [405]], 3
[[434] [0]], 1, [[378] [406]], 3
[[435] [0]], 1, [[379] [407]], 3
[[436] [0]], 1, [[380] [408]], 3
[[437] [0]], 1, [[381] [409]], 3
[[438] [0]], 1, [[382] [410]], 3
[[439] [0]], 1, [[383] [411]], 3
[[440] [0]], 1, [[384] [412]], 3
[[441] [0]], 1, [[385] [413]], 3
[[442] [0]], 1, [[386] [414]], 3
[[443] [0]], 1, [[387] [415]], 3
[[444] [0]], 1, [[388] [416]], 3
[[445] [0]], 1, [[389] [417]], 3
[[446] [0]], 1, [[390] [418]], 3
[[447] [0]], 1, [[391] [419]], 3
[[448] [0]], 1, [[392] [420]], 3
[[449] [0]], 1, [[393] [421]], 3
[[450] [0]], 1, [[394] [422]], 3
[[451] [0]], 1, [[395] [423]], 3
[[452] [0]], 1, [[396] [424]], 3
[[453] [0]], 1, [[397] [425]], 3
[[454] [0]], 1, [[398] [426]], 3
[[455] [0]], 1, [[399] [427]], 3
[[456] [0]], 1, [[400] [428]], 3
[[457] [0]], 1, [[401] [429]], 3
[[458] [0]], 1, [[402] [430]], 3
[[459] [0]], 1, [[403] [431]], 3
[[460] [0]], 1, [[404] [432]], 3
[[461] [0]], 1, [[405] [433]], 3
[[462] [0]], 1, [[406] [434]], 3
[[463] [0]], 1, [[407] [435]], 3
[[464] [0]], 1, [[408] [436]], 3
[[465] [0]], 1, [[409] [437]], 3
[[466] [0]], 1, [[410] [438]], 3
[[467] [0]], 1, [[411] [439]], 3
[[468] [0]], 1, [[412] [440]], 3
[[469] [0]], 1, [[413] [441]], 3
[[470] [0]], 1, [[414] [442]], 3
[[471] [0]], 1, [[415] [443]], 3
[[472] [0]], 1, [[416] [444]], 3
[[473] [0]], 1, [[417] [445]], 3
[[474] [0]], 1, [[418] [446]], 3
[[475] [0]], 1, [[419] [447]], 3
[[476] [0]], 1, [[420] [448]], 3
[[477] [0]], 1, [[421] [449]], 3
[[478] [0]], 1, [[422] [450]], 3
[[479] [0]], 1, [[423] [451]], 3
[[480] [0]], 1, [[424] [452]], 3
[[481] [0]], 1, [[425] [453]], 3
[[482] [0]], 1, [[426] [454]], 3
[[483] [0]], 1, [[427] [455]], 3
[[484] [0]], 1, [[428] [456]], 3
[[485] [0]], 1, [[429] [457]], 3
[[486] [0]], 1, [[430] [458]], 3
[[487] [0]], 1, [[431] [459]], 3
[[488] [0]], 1, [[432] [460]], 3
[[489] [0]], 1, [[433] [461]], 3
[[490] [0]], 1, [[434] [462]], 3
[[491] [0]], 1, [[435] [463]], 3
[[492] [0]], 1, [[436] [464]], 3
[[493] [0]], 1, [[437] [465]], 3
[[494] [0]], 1, [[438] [466]], 3
[[495] [0]], 1, [[439] [467]], 3
[[496] [0]], 1, [[440] [468]], 3
[[497] [0]], 1, [[441] [469]], 3
[[498] [0]], 1, [[442] [470]], 3
[[499] [0]], 1, [[443] [471]], 3
[[500] [0]], 1, [[444] [472]], 3
[[501] [0]], 1, [[445] [473]], 3
[[502] [0]], 1, [[446] [474]], 3
[[503] [0]], 1, [[447] [475]], 3
[[504] [0]], 1, [[448] [476]], 3
[[505] [0]], 1, [[449] [477]], 3
[[506] [0]], 1, [[450] [478]], 3
[[507] [0]], 1, [[451] [479]], 3
[[508] [0]], 1, [[452] [480]], 3
[[509] [0]], 1, [[453] [481]], 3
[[510] [0]], 1, [[454] [482]], 3
[[511] [0]], 1, [[455] [483]], 3
[[512] [0]], 1, [[456] [484]], 3
[[513] [0]], 1, [[457] [485]], 3
[[514] [0]], 1, [[458] [486]], 3
[[515] [0]], 1, [[459] [487]], 3
[[516] [0]], 1, [[460] [488]], 3
[[517] [0]], 1, [[461] [489]], 3
[[518] [0]], 1, [[462] [490]], 3
[[519] [0]], 1, [[463] [491]], 3
[[520] [0]], 1, [[464] [492]], 3
[[521] [0]], 1, [[465] [493]], 3
[[522] [0]], 1, [[466] [494]], 3
[[523] [0]], 1, [[467] [495]], 3
[[524] [0]], 1, [[468] [496]], 3
[[525] [0]], 1, [[469] [497]], 3
[[526] [0]], 1, [[470] [498]], 3
[[527] [0]], 1, [[471] [499]], 3
[[528] [0]], 1, [[472] [500]], 3
[[529] [0]], 1, [[473] [501]], 3
[[530] [0]], 1, [[474] [502]], 3
[[531] [0]], 1, [[475] [503]], 3
[[532] [0]], 1, [[476] [504]], 3
[[533] [0]], 1, [[477] [505]], 3
[[534] [0]], 1, [[478] [506]], 3
[[535] [0]], 1, [[479] [507]], 3
[[536] [0]], 1, [[480] [508]], 3
[[537] [0]], 1, [[481] [509]], 3
[[538] [0]], 1, [[482] [510]], 3
[[539] [0]], 1, [[483] [511]], 3
[[540] [0]], 1, [[484] [512]], 3
[[541] [0]], 1, [[485] [513]], 3
[[542] [0]], 1, [[486] [514]], 3
[[543] [0]], 1, [[487] [515]], 3
[[544] [0]], 1, [[488] [516]], 3
[[545] [0]], 1, [[489] [517]], 3
[[546] [0]], 1, [[490] [518]], 3
[[547] [0]], 1, [[491] [519]], 3
[[548] [0]], 1, [[492] [520]], 3
[[549] [0]], 1, [[493] [521]], 3
[[550] [0]], 1, [[494] [522]], 3
[[551] [0]], 1, [[495] [523]], 3
[[552] [0]], 1, [[496] [524]], 3
[[553] [0]], 1, [[497] [525]], 3
[[554] [0]], 1, [[498] [526]], 3
[[555] [0]], 1, [[499] [527]], 3
[[556] [0]], 1, [[500] [528]], 3
[[557] [0]], 1, [[501] [529]], 3
[[558] [0]], 1, [[502] [530]], 3
[[559] [0]], 1, [[503] [531]], 3
[[560] [0]], 1, [[504] [532]], 3
[[561] [0]], 1, [[505] [533]], 3
[[562] [0]], 1, [[506] [534]], 3
[[563] [0]], 1, [[507] [535]], 3
[[564] [0]], 1, [[508] [536]], 3
[[565] [0]], 1, [[509] [537]], 3
[[566] [0]], 1, [[510] [538]], 3
[[567] [0]], 1, [[511] [539]], 3
[[568] [0]], 1, [[512] [540]], 3
[[569] [0]], 1, [[513] [541]], 3
[[570] [0]], 1, [[514] [542]], 3
[[571] [0]], 1, [[515] [543]], 3
[[572] [0]], 1, [[516] [544]], 3
[[573] [0]], 1, [[517] [545]], 3
[[574] [0]], 1, [[518] [546]], 3
[[575] [0]], 1, [[519] [547]], 3
[[576] [0]], 1, [[520] [548]], 3
[[577] [0]], 1, [[521] [549]], 3
[[578] [0]], 1, [[522] [550]], 3
[[579] [0]], 1, [[523] [551]], 3
[[580] [0]], 1, [[524] [552]], 3
[[581] [0]], 1, [[525] [553]], 3
[[582] [0]], 1, [[526] [554]], 3
[[583] [0]], 1, [[527] [555]], 3
[[584] [0]], 1, [[528] [556]], 3
[[585] [0]], 1, [[529] [557]], 3
[[586] [0]], 1, [[530] [558]], 3
[[587] [0]], 1, [[531] [559]], 3
[[588] [0]], 1, [[532] [560]], 3
[[589] [0]], 1, [[533] [561]], 3
[[590] [0]], 1, [[534] [562]], 3
[[591] [0]], 1, [[535] [563]], 3
[[592] [0]], 1, [[536] [564]], 3
[[593] [0]], 1, [[537] [565]], 3
[[594] [0]], 1, [[538] [566]], 3
[[595] [0]], 1, [[539] [567]], 3
[[596] [0]], 1, [[540] [568]], 3
[[597] [0]], 1, [[541] [569]], 3
[[598] [0]], 1, [[542] [570]], 3
[[599] [0]], 1, [[543] [571]], 3
[[600] [0]], 1, [[544] [572]], 3
[[601] [0]], 1, [[545] [573]], 3
[[602] [0]], 1, [[546] [574]], 3
[[603] [0]], 1, [[547] [575]], 3
[[604] [0]], 1, [[548] [576]], 3
[[605] [0]], 1, [[549] [577]], 3
[[606] [0]], 1, [[550] [578]], 3
[[607] [0]], 1, [[551] [579]], 3
[[608] [0]], 1, [[552] [580]], 3
[[609] [0]], 1, [[553] [581]], 3
[[610] [0]], 1, [[554] [582]], 3
[[611] [0]], 1, [[555] [583]], 3
[[612] [0]], 1, [[556] [584]], 3
[[613] [0]], 1, [[557] [585]], 3
[[614] [0]], 1, [[558] [586]], 3
[[615] [0]], 1, [[559] [587]], 3
[[616] [0]], 1, [[560] [588]], 3
[[617] [0]], 1, [[561] [589]], 3
[[618] [0]], 1, [[562] [590]], 3
[[619] [0]], 1, [[563] [591]], 3
[[620] [0]], 1, [[564] [592]], 3
[[621] [0]], 1, [[565] [593]], 3
[[622] [0]], 1, [[566] [594]], 3
[[623] [0]], 1, [[567] [595]], 3
[[624] [0]], 1, [[568] [596]], 3
[[625] [0]], 1, [[569] [597]], 3
[[626] [0]], 1, [[570] [598]], 3
[[627] [0]], 1, [[571] [599]], 3
[[628] [0]], 1, [[572] [600]], 3
[[629] [0]], 1, [[573] [601]], 3
[[630] [0]], 1, [[574] [602]], 3
[[631] [0]], 1, [[575] [603]], 3
[[632] [0]], 1, [[576] [604]], 3
[[633] [0]], 1, [[577] [605]], 3
[[634] [0]], 1, [[578] [606]], 3
[[635] [0]], 1, [[579] [607]], 3
[[636] [0]], 1, [[580] [608]], 3
[[637] [0]], 1, [[581] [609]], 3
[[638] [0]], 1, [[582] [610]], 3
[[639] [0]], 1, [[583] [611]], 3
[[640] [0]], 1, [[584] [612]], 3
[[641] [0]], 1, [[585] [613]], 3
[[642] [0]], 1, [[586] [614]], 3
[[643] [0]], 1, [[587] [615]], 3
[[644] [0]], 1, [[588] [616]], 3
[[645] [0]], 1, [[589] [617]], 3
[[646] [0]], 1, [[590] [618]], 3
[[647] [0]], 1, [[591] [619]], 3
[[648] [0]], 1, [[592] [620]], 3
[[649] [0]], 1, [[593] [621]], 3
[[650] [0]], 1, [[594] [622]], 3
[[651] [0]], 1, [[595] [623]], 3
[[652] [0]], 1, [[596] [624]], 3
[[653] [0]], 1, [[597] [625]], 3
[[654] [0]], 1, [[598] [626]], 3
[[655] [0]], 1, [[599] [627]], 3
[[656] [0]], 1, [[600] [628]], 3
[[657] [0]], 1, [[601] [629]], 3
[[658] [0]], 1, [[602] [630]], 3
[[659] [0]], 1, [[603] [631]], 3
[[660] [0]], 1, [[604] [632]], 3
[[661] [0]], 1, [[605] [633]], 3
[[662] [0]], 1, [[606] [634]], 3
[[663] [0]], 1, [[607] [635]], 3
[[664] [0]], 1, [[608] [636]], 3
[[665] [0]], 1, [[609] [637]], 3
[[666] [0]], 1, [[610] [638]], 3
[[667] [0]], 1, [[611] [639]], 3
[[668] [0]], 1, [[612] [640]], 3
[[669] [0]], 1, [[613] [641]], 3
[[670] [0]], 1, [[614] [642]], 3
[[671] [0]], 1, [[615] [643]], 3
[[672] [0]], 1, [[616] [644]], 3
[[673] [0]], 1, [[617] [645]], 3
[[674] [0]], 1, [[618] [646]], 3
[[675] [0]], 1, [[619] [647]], 3
[[676] [0]], 1, [[620] [648]], 3
[[677] [0]], 1, [[621] [649]], 3
[[678] [0]], 1, [[622] [650]], 3
[[679] [0]], 1, [[623] [651]], 3
[[680] [0]], 1, [[624] [652]], 3
[[681] [0]], 1, [[625] [653]], 3
[[682] [0]], 1, [[626] [654]], 3
[[683] [0]], 1, [[627] [655]], 3
[[684] [0]], 1, [[628] [656]], 3
[[685] [0]], 1, [[629] [657]], 3
[[686] [0]], 1, [[630] [658]], 3
[[687] [0]], 1, [[631] [659]], 3
[[688] [0]], 1, [[632] [660]], 3
[[689] [0]], 1, [[633] [661]], 3
[[690] [0]], 1, [[634] [662]], 3
[[691] [0]], 1, [[635] [663]], 3
[[692] [0]], 1, [[636] [664]], 3
[[693] [0]], 1, [[637] [665]], 3
[[694] [0]], 1, [[638] [666]], 3
[[695] [0]], 1, [[639] [667]], 3
[[696] [0]], 1, [[640] [668]], 3
[[697] [0]], 1, [[641] [669]], 3
[[698] [0]], 1, [[642] [670]], 3
[[699] [0]], 1, [[643] [671]], 3
[[700] [0]], 1, [[644] [672]], 3
[[701] [0]], 1, [[645] [673]], 3
[[702] [0]], 1, [[646] [674]], 3
[[703] [0]], 1, [[647] [675]], 3
[[704] [0]], 1, [[648] [676]], 3
[[705] [0]], 1, [[649] [677]], 3
[[706] [0]], 1, [[650] [678]], 3
[[707] [0]], 1, [[651] [679]], 3
[[708] [0]], 1, [[652] [680]], 3
[[709] [0]], 1, [[653] [681]], 3
[[710] [0]], 1, [[654] [682]], 3
[[711] [0]], 1, [[655] [683]], 3
[[712] [0]], 1, [[656] [684]], 3
[[713] [0]], 1, [[657] [685]], 3
[[714] [0]], 1, [[658] [686]], 3
[[715] [0]], 1, [[659] [687]], 3
[[716] [0]], 1, [[660] [688]], 3
[[717] [0]], 1, [[661] [689]], 3
[[718] [0]], 1, [[662] [690]], 3
[[719] [0]], 1, [[663] [691]], 3
[[720] [0]], 1, [[664] [692]], 3
[[721] [0]], 1, [[665] [693]], 3
[[722] [0]], 1, [[666] [694]], 3
[[723] [0]], 1, [[667] [695]], 3
[[724] [0]], 1, [[668] [696]], 3
[[725] [0]], 1, [[669] [697]], 3
[[726] [0]], 1, [[670] [698]], 3
[[727] [0]], 1, [[671] [699]], 3
[[728] [0]], 1, [[672] [700]], 3
[[729] [0]], 1, [[673] [701]], 3
[[730] [0]], 1, [[674] [702]], 3
[[731] [0]], 1, [[675] [703]], 3
[[732] [0]], 1, [[676] [704]], 3
[[733] [0]], 1, [[677] [705]], 3
[[734] [0]], 1, [[678] [706]], 3
[[735] [0]], 1, [[679] [707]], 3
[[736] [0]], 1, [[680] [708]], 3
[[737] [0]], 1, [[681] [709]], 3
[[738] [0]], 1, [[682] [710]], 3
[[739] [0]], 1, [[683] [711]], 3
[[740] [0]], 1, [[684] [712]], 3
[[741] [0]], 1, [[685] [713]], 3
[[742] [0]], 1, [[686] [714]], 3
[[743] [0]], 1, [[687] [715]], 3
[[744] [0]], 1, [[688] [716]], 3
[[745] [0]], 1, [[689] [717]], 3
[[746] [0]], 1, [[690] [718]], 3
[[747] [0]], 1, [[691] [719]], 3
[[748] [0]], 1, [[692] [720]], 3
[[749] [0]], 1, [[693] [721]], 3
[[750] [0]], 1, [[694] [722]], 3
[[751] [0]], 1, [[695] [723]], 3
[[752] [0]], 1, [[696] [724]], 3
[[753] [0]], 1, [[697] [725]], 3
[[754] [0]], 1, [[698] [726]], 3
[[755] [0]], 1, [[699] [727]], 3
[[756] [0]], 1, [[700] [728]], 3
[[757] [0]], 1, [[701] [729]], 3
[[758] [0]], 1, [[702] [730]], 3
[[759] [0]], 1, [[703] [731]], 3
[[760] [0]], 1, [[704] [732]], 3
[[761] [0]], 1, [[705] [733]], 3
[[762] [0]], 1, [[706] [734]], 3
[[763] [0]], 1, [[707] [735]], 3
[[764] [0]], 1, [[708] [736]], 3
[[765] [0]], 1, [[709] [737]], 3
[[766] [0]], 1, [[710] [738]], 3
[[767] [0]], 1, [[711] [739]], 3
[[768] [0]], 1, [[712] [740]], 3
[[769] [0]], 1, [[713] [741]], 3
[[770] [0]], 1, [[714] [742]], 3
[[771] [0]], 1, [[715] [743]], 3
[[772] [0]], 1, [[716] [744]], 3
[[773] [0]], 1, [[717] [745]], 3
[[774] [0]], 1, [[718] [746]], 3
[[775] [0]], 1, [[719] [747]], 3
[[776] [0]], 1, [[720] [748]], 3
[[777] [0]], 1, [[721] [749]], 3
[[778] [0]], 1, [[722] [750]], 3
[[779] [0]], 1, [[723] [751]], 3
[[780] [0]], 1, [[724] [752]], 3
[[781] [0]], 1, [[725] [753]], 3
[[782] [0]], 1, [[726] [754]], 3
[[783] [0]], 1, [[727] [755]], 3
